entity_id,iso3,name_ja,name_en,income_group_code,income_group_ja,income_group_en,income_group_zh_tw,income_group_zh_cn,fiscal_year,basis_year,basis_indicator,threshold_note,source_id,source_name,source_url,retrieved_at,review_status,note
AD,AND,アンドラ,Andorra,HIC,高所得国,High income,高收入經濟體,高收入经济体,FY2026,2024,"GNI per capita, Atlas method","GNI per capita more than $13,935",WORLD_BANK_COUNTRY_LENDING_GROUPS,World Bank Country and Lending Groups,https://datahelpdesk.worldbank.org/knowledgebase/articles/906519-world-bank-country-and-lending-groups,2026-06-29,official_source_mapped,
AE,ARE,アラブ首長国連邦,United Arab Emirates,HIC,高所得国,High income,高收入經濟體,高收入经济体,FY2026,2024,"GNI per capita, Atlas method","GNI per capita more than $13,935",WORLD_BANK_COUNTRY_LENDING_GROUPS,World Bank Country and Lending Groups,https://datahelpdesk.worldbank.org/knowledgebase/articles/906519-world-bank-country-and-lending-groups,2026-06-29,official_source_mapped,
AF,AFG,アフガニスタン,Afghanistan,LIC,低所得国,Low income,低收入經濟體,低收入经济体,FY2026,2024,"GNI per capita, Atlas method","GNI per capita $1,135 or less",WORLD_BANK_COUNTRY_LENDING_GROUPS,World Bank Country and Lending Groups,https://datahelpdesk.worldbank.org/knowledgebase/articles/906519-world-bank-country-and-lending-groups,2026-06-29,official_source_mapped,
AG,ATG,アンティグア・バーブーダ,Antigua & Barbuda,HIC,高所得国,High income,高收入經濟體,高收入经济体,FY2026,2024,"GNI per capita, Atlas method","GNI per capita more than $13,935",WORLD_BANK_COUNTRY_LENDING_GROUPS,World Bank Country and Lending Groups,https://datahelpdesk.worldbank.org/knowledgebase/articles/906519-world-bank-country-and-lending-groups,2026-06-29,official_source_mapped,
AL,ALB,アルバニア,Albania,UMC,上位中所得国,Upper middle income,中高收入經濟體,中高收入经济体,FY2026,2024,"GNI per capita, Atlas method","GNI per capita $4,496 to $13,935",WORLD_BANK_COUNTRY_LENDING_GROUPS,World Bank Country and Lending Groups,https://datahelpdesk.worldbank.org/knowledgebase/articles/906519-world-bank-country-and-lending-groups,2026-06-29,official_source_mapped,
AM,ARM,アルメニア,Armenia,UMC,上位中所得国,Upper middle income,中高收入經濟體,中高收入经济体,FY2026,2024,"GNI per capita, Atlas method","GNI per capita $4,496 to $13,935",WORLD_BANK_COUNTRY_LENDING_GROUPS,World Bank Country and Lending Groups,https://datahelpdesk.worldbank.org/knowledgebase/articles/906519-world-bank-country-and-lending-groups,2026-06-29,official_source_mapped,
AO,AGO,アンゴラ,Angola,LMC,下位中所得国,Lower middle income,中低收入經濟體,中低收入经济体,FY2026,2024,"GNI per capita, Atlas method","GNI per capita $1,136 to $4,495",WORLD_BANK_COUNTRY_LENDING_GROUPS,World Bank Country and Lending Groups,https://datahelpdesk.worldbank.org/knowledgebase/articles/906519-world-bank-country-and-lending-groups,2026-06-29,official_source_mapped,
AR,ARG,アルゼンチン,Argentina,UMC,上位中所得国,Upper middle income,中高收入經濟體,中高收入经济体,FY2026,2024,"GNI per capita, Atlas method","GNI per capita $4,496 to $13,935",WORLD_BANK_COUNTRY_LENDING_GROUPS,World Bank Country and Lending Groups,https://datahelpdesk.worldbank.org/knowledgebase/articles/906519-world-bank-country-and-lending-groups,2026-06-29,official_source_mapped,
AT,AUT,オーストリア,Austria,HIC,高所得国,High income,高收入經濟體,高收入经济体,FY2026,2024,"GNI per capita, Atlas method","GNI per capita more than $13,935",WORLD_BANK_COUNTRY_LENDING_GROUPS,World Bank Country and Lending Groups,https://datahelpdesk.worldbank.org/knowledgebase/articles/906519-world-bank-country-and-lending-groups,2026-06-29,official_source_mapped,
AU,AUS,オーストラリア,Australia,HIC,高所得国,High income,高收入經濟體,高收入经济体,FY2026,2024,"GNI per capita, Atlas method","GNI per capita more than $13,935",WORLD_BANK_COUNTRY_LENDING_GROUPS,World Bank Country and Lending Groups,https://datahelpdesk.worldbank.org/knowledgebase/articles/906519-world-bank-country-and-lending-groups,2026-06-29,official_source_mapped,
AZ,AZE,アゼルバイジャン,Azerbaijan,UMC,上位中所得国,Upper middle income,中高收入經濟體,中高收入经济体,FY2026,2024,"GNI per capita, Atlas method","GNI per capita $4,496 to $13,935",WORLD_BANK_COUNTRY_LENDING_GROUPS,World Bank Country and Lending Groups,https://datahelpdesk.worldbank.org/knowledgebase/articles/906519-world-bank-country-and-lending-groups,2026-06-29,official_source_mapped,
BA,BIH,ボスニア・ヘルツェゴビナ,Bosnia & Herzegovina,UMC,上位中所得国,Upper middle income,中高收入經濟體,中高收入经济体,FY2026,2024,"GNI per capita, Atlas method","GNI per capita $4,496 to $13,935",WORLD_BANK_COUNTRY_LENDING_GROUPS,World Bank Country and Lending Groups,https://datahelpdesk.worldbank.org/knowledgebase/articles/906519-world-bank-country-and-lending-groups,2026-06-29,official_source_mapped,
BB,BRB,バルバドス,Barbados,HIC,高所得国,High income,高收入經濟體,高收入经济体,FY2026,2024,"GNI per capita, Atlas method","GNI per capita more than $13,935",WORLD_BANK_COUNTRY_LENDING_GROUPS,World Bank Country and Lending Groups,https://datahelpdesk.worldbank.org/knowledgebase/articles/906519-world-bank-country-and-lending-groups,2026-06-29,official_source_mapped,
BD,BGD,バングラデシュ,Bangladesh,LMC,下位中所得国,Lower middle income,中低收入經濟體,中低收入经济体,FY2026,2024,"GNI per capita, Atlas method","GNI per capita $1,136 to $4,495",WORLD_BANK_COUNTRY_LENDING_GROUPS,World Bank Country and Lending Groups,https://datahelpdesk.worldbank.org/knowledgebase/articles/906519-world-bank-country-and-lending-groups,2026-06-29,official_source_mapped,
BE,BEL,ベルギー,Belgium,HIC,高所得国,High income,高收入經濟體,高收入经济体,FY2026,2024,"GNI per capita, Atlas method","GNI per capita more than $13,935",WORLD_BANK_COUNTRY_LENDING_GROUPS,World Bank Country and Lending Groups,https://datahelpdesk.worldbank.org/knowledgebase/articles/906519-world-bank-country-and-lending-groups,2026-06-29,official_source_mapped,
BF,BFA,ブルキナファソ,Burkina Faso,LIC,低所得国,Low income,低收入經濟體,低收入经济体,FY2026,2024,"GNI per capita, Atlas method","GNI per capita $1,135 or less",WORLD_BANK_COUNTRY_LENDING_GROUPS,World Bank Country and Lending Groups,https://datahelpdesk.worldbank.org/knowledgebase/articles/906519-world-bank-country-and-lending-groups,2026-06-29,official_source_mapped,
BG,BGR,ブルガリア,Bulgaria,HIC,高所得国,High income,高收入經濟體,高收入经济体,FY2026,2024,"GNI per capita, Atlas method","GNI per capita more than $13,935",WORLD_BANK_COUNTRY_LENDING_GROUPS,World Bank Country and Lending Groups,https://datahelpdesk.worldbank.org/knowledgebase/articles/906519-world-bank-country-and-lending-groups,2026-06-29,official_source_mapped,
BH,BHR,バーレーン,Bahrain,HIC,高所得国,High income,高收入經濟體,高收入经济体,FY2026,2024,"GNI per capita, Atlas method","GNI per capita more than $13,935",WORLD_BANK_COUNTRY_LENDING_GROUPS,World Bank Country and Lending Groups,https://datahelpdesk.worldbank.org/knowledgebase/articles/906519-world-bank-country-and-lending-groups,2026-06-29,official_source_mapped,
BI,BDI,ブルンジ,Burundi,LIC,低所得国,Low income,低收入經濟體,低收入经济体,FY2026,2024,"GNI per capita, Atlas method","GNI per capita $1,135 or less",WORLD_BANK_COUNTRY_LENDING_GROUPS,World Bank Country and Lending Groups,https://datahelpdesk.worldbank.org/knowledgebase/articles/906519-world-bank-country-and-lending-groups,2026-06-29,official_source_mapped,
BJ,BEN,ベナン,Benin,LMC,下位中所得国,Lower middle income,中低收入經濟體,中低收入经济体,FY2026,2024,"GNI per capita, Atlas method","GNI per capita $1,136 to $4,495",WORLD_BANK_COUNTRY_LENDING_GROUPS,World Bank Country and Lending Groups,https://datahelpdesk.worldbank.org/knowledgebase/articles/906519-world-bank-country-and-lending-groups,2026-06-29,official_source_mapped,
BN,BRN,ブルネイ,Brunei,HIC,高所得国,High income,高收入經濟體,高收入经济体,FY2026,2024,"GNI per capita, Atlas method","GNI per capita more than $13,935",WORLD_BANK_COUNTRY_LENDING_GROUPS,World Bank Country and Lending Groups,https://datahelpdesk.worldbank.org/knowledgebase/articles/906519-world-bank-country-and-lending-groups,2026-06-29,official_source_mapped,
BO,BOL,ボリビア,Bolivia,LMC,下位中所得国,Lower middle income,中低收入經濟體,中低收入经济体,FY2026,2024,"GNI per capita, Atlas method","GNI per capita $1,136 to $4,495",WORLD_BANK_COUNTRY_LENDING_GROUPS,World Bank Country and Lending Groups,https://datahelpdesk.worldbank.org/knowledgebase/articles/906519-world-bank-country-and-lending-groups,2026-06-29,official_source_mapped,
BR,BRA,ブラジル,Brazil,UMC,上位中所得国,Upper middle income,中高收入經濟體,中高收入经济体,FY2026,2024,"GNI per capita, Atlas method","GNI per capita $4,496 to $13,935",WORLD_BANK_COUNTRY_LENDING_GROUPS,World Bank Country and Lending Groups,https://datahelpdesk.worldbank.org/knowledgebase/articles/906519-world-bank-country-and-lending-groups,2026-06-29,official_source_mapped,
BS,BHS,バハマ,Bahamas,HIC,高所得国,High income,高收入經濟體,高收入经济体,FY2026,2024,"GNI per capita, Atlas method","GNI per capita more than $13,935",WORLD_BANK_COUNTRY_LENDING_GROUPS,World Bank Country and Lending Groups,https://datahelpdesk.worldbank.org/knowledgebase/articles/906519-world-bank-country-and-lending-groups,2026-06-29,official_source_mapped,
BT,BTN,ブータン,Bhutan,LMC,下位中所得国,Lower middle income,中低收入經濟體,中低收入经济体,FY2026,2024,"GNI per capita, Atlas method","GNI per capita $1,136 to $4,495",WORLD_BANK_COUNTRY_LENDING_GROUPS,World Bank Country and Lending Groups,https://datahelpdesk.worldbank.org/knowledgebase/articles/906519-world-bank-country-and-lending-groups,2026-06-29,official_source_mapped,
BW,BWA,ボツワナ,Botswana,UMC,上位中所得国,Upper middle income,中高收入經濟體,中高收入经济体,FY2026,2024,"GNI per capita, Atlas method","GNI per capita $4,496 to $13,935",WORLD_BANK_COUNTRY_LENDING_GROUPS,World Bank Country and Lending Groups,https://datahelpdesk.worldbank.org/knowledgebase/articles/906519-world-bank-country-and-lending-groups,2026-06-29,official_source_mapped,
BY,BLR,ベラルーシ,Belarus,UMC,上位中所得国,Upper middle income,中高收入經濟體,中高收入经济体,FY2026,2024,"GNI per capita, Atlas method","GNI per capita $4,496 to $13,935",WORLD_BANK_COUNTRY_LENDING_GROUPS,World Bank Country and Lending Groups,https://datahelpdesk.worldbank.org/knowledgebase/articles/906519-world-bank-country-and-lending-groups,2026-06-29,official_source_mapped,
BZ,BLZ,ベリーズ,Belize,UMC,上位中所得国,Upper middle income,中高收入經濟體,中高收入经济体,FY2026,2024,"GNI per capita, Atlas method","GNI per capita $4,496 to $13,935",WORLD_BANK_COUNTRY_LENDING_GROUPS,World Bank Country and Lending Groups,https://datahelpdesk.worldbank.org/knowledgebase/articles/906519-world-bank-country-and-lending-groups,2026-06-29,official_source_mapped,
CA,CAN,カナダ,Canada,HIC,高所得国,High income,高收入經濟體,高收入经济体,FY2026,2024,"GNI per capita, Atlas method","GNI per capita more than $13,935",WORLD_BANK_COUNTRY_LENDING_GROUPS,World Bank Country and Lending Groups,https://datahelpdesk.worldbank.org/knowledgebase/articles/906519-world-bank-country-and-lending-groups,2026-06-29,official_source_mapped,
CD,COD,コンゴ民主共和国,Democratic Republic of the Congo,LIC,低所得国,Low income,低收入經濟體,低收入经济体,FY2026,2024,"GNI per capita, Atlas method","GNI per capita $1,135 or less",WORLD_BANK_COUNTRY_LENDING_GROUPS,World Bank Country and Lending Groups,https://datahelpdesk.worldbank.org/knowledgebase/articles/906519-world-bank-country-and-lending-groups,2026-06-29,official_source_mapped,
CF,CAF,中央アフリカ共和国,Central African Republic,LIC,低所得国,Low income,低收入經濟體,低收入经济体,FY2026,2024,"GNI per capita, Atlas method","GNI per capita $1,135 or less",WORLD_BANK_COUNTRY_LENDING_GROUPS,World Bank Country and Lending Groups,https://datahelpdesk.worldbank.org/knowledgebase/articles/906519-world-bank-country-and-lending-groups,2026-06-29,official_source_mapped,
CG,COG,コンゴ共和国,Republic of the Congo,LMC,下位中所得国,Lower middle income,中低收入經濟體,中低收入经济体,FY2026,2024,"GNI per capita, Atlas method","GNI per capita $1,136 to $4,495",WORLD_BANK_COUNTRY_LENDING_GROUPS,World Bank Country and Lending Groups,https://datahelpdesk.worldbank.org/knowledgebase/articles/906519-world-bank-country-and-lending-groups,2026-06-29,official_source_mapped,
CH,CHE,スイス,Switzerland,HIC,高所得国,High income,高收入經濟體,高收入经济体,FY2026,2024,"GNI per capita, Atlas method","GNI per capita more than $13,935",WORLD_BANK_COUNTRY_LENDING_GROUPS,World Bank Country and Lending Groups,https://datahelpdesk.worldbank.org/knowledgebase/articles/906519-world-bank-country-and-lending-groups,2026-06-29,official_source_mapped,
CI,CIV,コートジボワール,Côte d’Ivoire,LMC,下位中所得国,Lower middle income,中低收入經濟體,中低收入经济体,FY2026,2024,"GNI per capita, Atlas method","GNI per capita $1,136 to $4,495",WORLD_BANK_COUNTRY_LENDING_GROUPS,World Bank Country and Lending Groups,https://datahelpdesk.worldbank.org/knowledgebase/articles/906519-world-bank-country-and-lending-groups,2026-06-29,official_source_mapped,
CL,CHL,チリ,Chile,HIC,高所得国,High income,高收入經濟體,高收入经济体,FY2026,2024,"GNI per capita, Atlas method","GNI per capita more than $13,935",WORLD_BANK_COUNTRY_LENDING_GROUPS,World Bank Country and Lending Groups,https://datahelpdesk.worldbank.org/knowledgebase/articles/906519-world-bank-country-and-lending-groups,2026-06-29,official_source_mapped,
CM,CMR,カメルーン,Cameroon,LMC,下位中所得国,Lower middle income,中低收入經濟體,中低收入经济体,FY2026,2024,"GNI per capita, Atlas method","GNI per capita $1,136 to $4,495",WORLD_BANK_COUNTRY_LENDING_GROUPS,World Bank Country and Lending Groups,https://datahelpdesk.worldbank.org/knowledgebase/articles/906519-world-bank-country-and-lending-groups,2026-06-29,official_source_mapped,
CN,CHN,中国,China,UMC,上位中所得国,Upper middle income,中高收入經濟體,中高收入经济体,FY2026,2024,"GNI per capita, Atlas method","GNI per capita $4,496 to $13,935",WORLD_BANK_COUNTRY_LENDING_GROUPS,World Bank Country and Lending Groups,https://datahelpdesk.worldbank.org/knowledgebase/articles/906519-world-bank-country-and-lending-groups,2026-06-29,official_source_mapped,
CO,COL,コロンビア,Colombia,UMC,上位中所得国,Upper middle income,中高收入經濟體,中高收入经济体,FY2026,2024,"GNI per capita, Atlas method","GNI per capita $4,496 to $13,935",WORLD_BANK_COUNTRY_LENDING_GROUPS,World Bank Country and Lending Groups,https://datahelpdesk.worldbank.org/knowledgebase/articles/906519-world-bank-country-and-lending-groups,2026-06-29,official_source_mapped,
CR,CRI,コスタリカ,Costa Rica,HIC,高所得国,High income,高收入經濟體,高收入经济体,FY2026,2024,"GNI per capita, Atlas method","GNI per capita more than $13,935",WORLD_BANK_COUNTRY_LENDING_GROUPS,World Bank Country and Lending Groups,https://datahelpdesk.worldbank.org/knowledgebase/articles/906519-world-bank-country-and-lending-groups,2026-06-29,official_source_mapped,
CU,CUB,キューバ,Cuba,UMC,上位中所得国,Upper middle income,中高收入經濟體,中高收入经济体,FY2026,2024,"GNI per capita, Atlas method","GNI per capita $4,496 to $13,935",WORLD_BANK_COUNTRY_LENDING_GROUPS,World Bank Country and Lending Groups,https://datahelpdesk.worldbank.org/knowledgebase/articles/906519-world-bank-country-and-lending-groups,2026-06-29,official_source_mapped,
CV,CPV,カーボベルデ,Cape Verde,UMC,上位中所得国,Upper middle income,中高收入經濟體,中高收入经济体,FY2026,2024,"GNI per capita, Atlas method","GNI per capita $4,496 to $13,935",WORLD_BANK_COUNTRY_LENDING_GROUPS,World Bank Country and Lending Groups,https://datahelpdesk.worldbank.org/knowledgebase/articles/906519-world-bank-country-and-lending-groups,2026-06-29,official_source_mapped,
CY,CYP,キプロス,Cyprus,HIC,高所得国,High income,高收入經濟體,高收入经济体,FY2026,2024,"GNI per capita, Atlas method","GNI per capita more than $13,935",WORLD_BANK_COUNTRY_LENDING_GROUPS,World Bank Country and Lending Groups,https://datahelpdesk.worldbank.org/knowledgebase/articles/906519-world-bank-country-and-lending-groups,2026-06-29,official_source_mapped,
CZ,CZE,チェコ,Czechia,HIC,高所得国,High income,高收入經濟體,高收入经济体,FY2026,2024,"GNI per capita, Atlas method","GNI per capita more than $13,935",WORLD_BANK_COUNTRY_LENDING_GROUPS,World Bank Country and Lending Groups,https://datahelpdesk.worldbank.org/knowledgebase/articles/906519-world-bank-country-and-lending-groups,2026-06-29,official_source_mapped,
DE,DEU,ドイツ,Germany,HIC,高所得国,High income,高收入經濟體,高收入经济体,FY2026,2024,"GNI per capita, Atlas method","GNI per capita more than $13,935",WORLD_BANK_COUNTRY_LENDING_GROUPS,World Bank Country and Lending Groups,https://datahelpdesk.worldbank.org/knowledgebase/articles/906519-world-bank-country-and-lending-groups,2026-06-29,official_source_mapped,
DJ,DJI,ジブチ,Djibouti,LMC,下位中所得国,Lower middle income,中低收入經濟體,中低收入经济体,FY2026,2024,"GNI per capita, Atlas method","GNI per capita $1,136 to $4,495",WORLD_BANK_COUNTRY_LENDING_GROUPS,World Bank Country and Lending Groups,https://datahelpdesk.worldbank.org/knowledgebase/articles/906519-world-bank-country-and-lending-groups,2026-06-29,official_source_mapped,
DK,DNK,デンマーク,Denmark,HIC,高所得国,High income,高收入經濟體,高收入经济体,FY2026,2024,"GNI per capita, Atlas method","GNI per capita more than $13,935",WORLD_BANK_COUNTRY_LENDING_GROUPS,World Bank Country and Lending Groups,https://datahelpdesk.worldbank.org/knowledgebase/articles/906519-world-bank-country-and-lending-groups,2026-06-29,official_source_mapped,
DM,DMA,ドミニカ国,Dominica,UMC,上位中所得国,Upper middle income,中高收入經濟體,中高收入经济体,FY2026,2024,"GNI per capita, Atlas method","GNI per capita $4,496 to $13,935",WORLD_BANK_COUNTRY_LENDING_GROUPS,World Bank Country and Lending Groups,https://datahelpdesk.worldbank.org/knowledgebase/articles/906519-world-bank-country-and-lending-groups,2026-06-29,official_source_mapped,
DO,DOM,ドミニカ共和国,Dominican Republic,UMC,上位中所得国,Upper middle income,中高收入經濟體,中高收入经济体,FY2026,2024,"GNI per capita, Atlas method","GNI per capita $4,496 to $13,935",WORLD_BANK_COUNTRY_LENDING_GROUPS,World Bank Country and Lending Groups,https://datahelpdesk.worldbank.org/knowledgebase/articles/906519-world-bank-country-and-lending-groups,2026-06-29,official_source_mapped,
DZ,DZA,アルジェリア,Algeria,UMC,上位中所得国,Upper middle income,中高收入經濟體,中高收入经济体,FY2026,2024,"GNI per capita, Atlas method","GNI per capita $4,496 to $13,935",WORLD_BANK_COUNTRY_LENDING_GROUPS,World Bank Country and Lending Groups,https://datahelpdesk.worldbank.org/knowledgebase/articles/906519-world-bank-country-and-lending-groups,2026-06-29,official_source_mapped,
EC,ECU,エクアドル,Ecuador,UMC,上位中所得国,Upper middle income,中高收入經濟體,中高收入经济体,FY2026,2024,"GNI per capita, Atlas method","GNI per capita $4,496 to $13,935",WORLD_BANK_COUNTRY_LENDING_GROUPS,World Bank Country and Lending Groups,https://datahelpdesk.worldbank.org/knowledgebase/articles/906519-world-bank-country-and-lending-groups,2026-06-29,official_source_mapped,
EE,EST,エストニア,Estonia,HIC,高所得国,High income,高收入經濟體,高收入经济体,FY2026,2024,"GNI per capita, Atlas method","GNI per capita more than $13,935",WORLD_BANK_COUNTRY_LENDING_GROUPS,World Bank Country and Lending Groups,https://datahelpdesk.worldbank.org/knowledgebase/articles/906519-world-bank-country-and-lending-groups,2026-06-29,official_source_mapped,
EG,EGY,エジプト,Egypt,LMC,下位中所得国,Lower middle income,中低收入經濟體,中低收入经济体,FY2026,2024,"GNI per capita, Atlas method","GNI per capita $1,136 to $4,495",WORLD_BANK_COUNTRY_LENDING_GROUPS,World Bank Country and Lending Groups,https://datahelpdesk.worldbank.org/knowledgebase/articles/906519-world-bank-country-and-lending-groups,2026-06-29,official_source_mapped,
ER,ERI,エリトリア,Eritrea,LIC,低所得国,Low income,低收入經濟體,低收入经济体,FY2026,2024,"GNI per capita, Atlas method","GNI per capita $1,135 or less",WORLD_BANK_COUNTRY_LENDING_GROUPS,World Bank Country and Lending Groups,https://datahelpdesk.worldbank.org/knowledgebase/articles/906519-world-bank-country-and-lending-groups,2026-06-29,official_source_mapped,
ES,ESP,スペイン,Spain,HIC,高所得国,High income,高收入經濟體,高收入经济体,FY2026,2024,"GNI per capita, Atlas method","GNI per capita more than $13,935",WORLD_BANK_COUNTRY_LENDING_GROUPS,World Bank Country and Lending Groups,https://datahelpdesk.worldbank.org/knowledgebase/articles/906519-world-bank-country-and-lending-groups,2026-06-29,official_source_mapped,
ET,ETH,エチオピア,Ethiopia,UNCLASSIFIED,未分類,Unclassified,未分類,未分类,FY2026,2024,"GNI per capita, Atlas method",Not classified in FY2026 World Bank income table,WORLD_BANK_COUNTRY_LENDING_GROUPS,World Bank Country and Lending Groups,https://datahelpdesk.worldbank.org/knowledgebase/articles/906519-world-bank-country-and-lending-groups,2026-06-29,official_source_mapped,World Bank FY2026 note: Ethiopia is temporarily unclassified.
FI,FIN,フィンランド,Finland,HIC,高所得国,High income,高收入經濟體,高收入经济体,FY2026,2024,"GNI per capita, Atlas method","GNI per capita more than $13,935",WORLD_BANK_COUNTRY_LENDING_GROUPS,World Bank Country and Lending Groups,https://datahelpdesk.worldbank.org/knowledgebase/articles/906519-world-bank-country-and-lending-groups,2026-06-29,official_source_mapped,
FJ,FJI,フィジー,Fiji,UMC,上位中所得国,Upper middle income,中高收入經濟體,中高收入经济体,FY2026,2024,"GNI per capita, Atlas method","GNI per capita $4,496 to $13,935",WORLD_BANK_COUNTRY_LENDING_GROUPS,World Bank Country and Lending Groups,https://datahelpdesk.worldbank.org/knowledgebase/articles/906519-world-bank-country-and-lending-groups,2026-06-29,official_source_mapped,
FM,FSM,ミクロネシア連邦,Micronesia,LMC,下位中所得国,Lower middle income,中低收入經濟體,中低收入经济体,FY2026,2024,"GNI per capita, Atlas method","GNI per capita $1,136 to $4,495",WORLD_BANK_COUNTRY_LENDING_GROUPS,World Bank Country and Lending Groups,https://datahelpdesk.worldbank.org/knowledgebase/articles/906519-world-bank-country-and-lending-groups,2026-06-29,official_source_mapped,
FR,FRA,フランス,France,HIC,高所得国,High income,高收入經濟體,高收入经济体,FY2026,2024,"GNI per capita, Atlas method","GNI per capita more than $13,935",WORLD_BANK_COUNTRY_LENDING_GROUPS,World Bank Country and Lending Groups,https://datahelpdesk.worldbank.org/knowledgebase/articles/906519-world-bank-country-and-lending-groups,2026-06-29,official_source_mapped,
GA,GAB,ガボン,Gabon,UMC,上位中所得国,Upper middle income,中高收入經濟體,中高收入经济体,FY2026,2024,"GNI per capita, Atlas method","GNI per capita $4,496 to $13,935",WORLD_BANK_COUNTRY_LENDING_GROUPS,World Bank Country and Lending Groups,https://datahelpdesk.worldbank.org/knowledgebase/articles/906519-world-bank-country-and-lending-groups,2026-06-29,official_source_mapped,
GB,GBR,イギリス,United Kingdom,HIC,高所得国,High income,高收入經濟體,高收入经济体,FY2026,2024,"GNI per capita, Atlas method","GNI per capita more than $13,935",WORLD_BANK_COUNTRY_LENDING_GROUPS,World Bank Country and Lending Groups,https://datahelpdesk.worldbank.org/knowledgebase/articles/906519-world-bank-country-and-lending-groups,2026-06-29,official_source_mapped,
GD,GRD,グレナダ,Grenada,UMC,上位中所得国,Upper middle income,中高收入經濟體,中高收入经济体,FY2026,2024,"GNI per capita, Atlas method","GNI per capita $4,496 to $13,935",WORLD_BANK_COUNTRY_LENDING_GROUPS,World Bank Country and Lending Groups,https://datahelpdesk.worldbank.org/knowledgebase/articles/906519-world-bank-country-and-lending-groups,2026-06-29,official_source_mapped,
GE,GEO,ジョージア,Georgia,UMC,上位中所得国,Upper middle income,中高收入經濟體,中高收入经济体,FY2026,2024,"GNI per capita, Atlas method","GNI per capita $4,496 to $13,935",WORLD_BANK_COUNTRY_LENDING_GROUPS,World Bank Country and Lending Groups,https://datahelpdesk.worldbank.org/knowledgebase/articles/906519-world-bank-country-and-lending-groups,2026-06-29,official_source_mapped,
GH,GHA,ガーナ,Ghana,LMC,下位中所得国,Lower middle income,中低收入經濟體,中低收入经济体,FY2026,2024,"GNI per capita, Atlas method","GNI per capita $1,136 to $4,495",WORLD_BANK_COUNTRY_LENDING_GROUPS,World Bank Country and Lending Groups,https://datahelpdesk.worldbank.org/knowledgebase/articles/906519-world-bank-country-and-lending-groups,2026-06-29,official_source_mapped,
GM,GMB,ガンビア,Gambia,LIC,低所得国,Low income,低收入經濟體,低收入经济体,FY2026,2024,"GNI per capita, Atlas method","GNI per capita $1,135 or less",WORLD_BANK_COUNTRY_LENDING_GROUPS,World Bank Country and Lending Groups,https://datahelpdesk.worldbank.org/knowledgebase/articles/906519-world-bank-country-and-lending-groups,2026-06-29,official_source_mapped,
GN,GIN,ギニア,Guinea,LMC,下位中所得国,Lower middle income,中低收入經濟體,中低收入经济体,FY2026,2024,"GNI per capita, Atlas method","GNI per capita $1,136 to $4,495",WORLD_BANK_COUNTRY_LENDING_GROUPS,World Bank Country and Lending Groups,https://datahelpdesk.worldbank.org/knowledgebase/articles/906519-world-bank-country-and-lending-groups,2026-06-29,official_source_mapped,
GQ,GNQ,赤道ギニア,Equatorial Guinea,UMC,上位中所得国,Upper middle income,中高收入經濟體,中高收入经济体,FY2026,2024,"GNI per capita, Atlas method","GNI per capita $4,496 to $13,935",WORLD_BANK_COUNTRY_LENDING_GROUPS,World Bank Country and Lending Groups,https://datahelpdesk.worldbank.org/knowledgebase/articles/906519-world-bank-country-and-lending-groups,2026-06-29,official_source_mapped,
GR,GRC,ギリシャ,Greece,HIC,高所得国,High income,高收入經濟體,高收入经济体,FY2026,2024,"GNI per capita, Atlas method","GNI per capita more than $13,935",WORLD_BANK_COUNTRY_LENDING_GROUPS,World Bank Country and Lending Groups,https://datahelpdesk.worldbank.org/knowledgebase/articles/906519-world-bank-country-and-lending-groups,2026-06-29,official_source_mapped,
GT,GTM,グアテマラ,Guatemala,UMC,上位中所得国,Upper middle income,中高收入經濟體,中高收入经济体,FY2026,2024,"GNI per capita, Atlas method","GNI per capita $4,496 to $13,935",WORLD_BANK_COUNTRY_LENDING_GROUPS,World Bank Country and Lending Groups,https://datahelpdesk.worldbank.org/knowledgebase/articles/906519-world-bank-country-and-lending-groups,2026-06-29,official_source_mapped,
GW,GNB,ギニアビサウ,Guinea-Bissau,LIC,低所得国,Low income,低收入經濟體,低收入经济体,FY2026,2024,"GNI per capita, Atlas method","GNI per capita $1,135 or less",WORLD_BANK_COUNTRY_LENDING_GROUPS,World Bank Country and Lending Groups,https://datahelpdesk.worldbank.org/knowledgebase/articles/906519-world-bank-country-and-lending-groups,2026-06-29,official_source_mapped,
GY,GUY,ガイアナ,Guyana,HIC,高所得国,High income,高收入經濟體,高收入经济体,FY2026,2024,"GNI per capita, Atlas method","GNI per capita more than $13,935",WORLD_BANK_COUNTRY_LENDING_GROUPS,World Bank Country and Lending Groups,https://datahelpdesk.worldbank.org/knowledgebase/articles/906519-world-bank-country-and-lending-groups,2026-06-29,official_source_mapped,
HK,HKG,香港（中国）,"Hong Kong, China",HIC,高所得国,High income,高收入經濟體,高收入经济体,FY2026,2024,"GNI per capita, Atlas method","GNI per capita more than $13,935",WORLD_BANK_COUNTRY_LENDING_GROUPS,World Bank Country and Lending Groups,https://datahelpdesk.worldbank.org/knowledgebase/articles/906519-world-bank-country-and-lending-groups,2026-06-29,official_source_mapped,
HN,HND,ホンジュラス,Honduras,LMC,下位中所得国,Lower middle income,中低收入經濟體,中低收入经济体,FY2026,2024,"GNI per capita, Atlas method","GNI per capita $1,136 to $4,495",WORLD_BANK_COUNTRY_LENDING_GROUPS,World Bank Country and Lending Groups,https://datahelpdesk.worldbank.org/knowledgebase/articles/906519-world-bank-country-and-lending-groups,2026-06-29,official_source_mapped,
HR,HRV,クロアチア,Croatia,HIC,高所得国,High income,高收入經濟體,高收入经济体,FY2026,2024,"GNI per capita, Atlas method","GNI per capita more than $13,935",WORLD_BANK_COUNTRY_LENDING_GROUPS,World Bank Country and Lending Groups,https://datahelpdesk.worldbank.org/knowledgebase/articles/906519-world-bank-country-and-lending-groups,2026-06-29,official_source_mapped,
HT,HTI,ハイチ,Haiti,LMC,下位中所得国,Lower middle income,中低收入經濟體,中低收入经济体,FY2026,2024,"GNI per capita, Atlas method","GNI per capita $1,136 to $4,495",WORLD_BANK_COUNTRY_LENDING_GROUPS,World Bank Country and Lending Groups,https://datahelpdesk.worldbank.org/knowledgebase/articles/906519-world-bank-country-and-lending-groups,2026-06-29,official_source_mapped,
HU,HUN,ハンガリー,Hungary,HIC,高所得国,High income,高收入經濟體,高收入经济体,FY2026,2024,"GNI per capita, Atlas method","GNI per capita more than $13,935",WORLD_BANK_COUNTRY_LENDING_GROUPS,World Bank Country and Lending Groups,https://datahelpdesk.worldbank.org/knowledgebase/articles/906519-world-bank-country-and-lending-groups,2026-06-29,official_source_mapped,
ID,IDN,インドネシア,Indonesia,UMC,上位中所得国,Upper middle income,中高收入經濟體,中高收入经济体,FY2026,2024,"GNI per capita, Atlas method","GNI per capita $4,496 to $13,935",WORLD_BANK_COUNTRY_LENDING_GROUPS,World Bank Country and Lending Groups,https://datahelpdesk.worldbank.org/knowledgebase/articles/906519-world-bank-country-and-lending-groups,2026-06-29,official_source_mapped,
IE,IRL,アイルランド,Ireland,HIC,高所得国,High income,高收入經濟體,高收入经济体,FY2026,2024,"GNI per capita, Atlas method","GNI per capita more than $13,935",WORLD_BANK_COUNTRY_LENDING_GROUPS,World Bank Country and Lending Groups,https://datahelpdesk.worldbank.org/knowledgebase/articles/906519-world-bank-country-and-lending-groups,2026-06-29,official_source_mapped,
IL,ISR,イスラエル,Israel,HIC,高所得国,High income,高收入經濟體,高收入经济体,FY2026,2024,"GNI per capita, Atlas method","GNI per capita more than $13,935",WORLD_BANK_COUNTRY_LENDING_GROUPS,World Bank Country and Lending Groups,https://datahelpdesk.worldbank.org/knowledgebase/articles/906519-world-bank-country-and-lending-groups,2026-06-29,official_source_mapped,
IN,IND,インド,India,LMC,下位中所得国,Lower middle income,中低收入經濟體,中低收入经济体,FY2026,2024,"GNI per capita, Atlas method","GNI per capita $1,136 to $4,495",WORLD_BANK_COUNTRY_LENDING_GROUPS,World Bank Country and Lending Groups,https://datahelpdesk.worldbank.org/knowledgebase/articles/906519-world-bank-country-and-lending-groups,2026-06-29,official_source_mapped,
IQ,IRQ,イラク,Iraq,UMC,上位中所得国,Upper middle income,中高收入經濟體,中高收入经济体,FY2026,2024,"GNI per capita, Atlas method","GNI per capita $4,496 to $13,935",WORLD_BANK_COUNTRY_LENDING_GROUPS,World Bank Country and Lending Groups,https://datahelpdesk.worldbank.org/knowledgebase/articles/906519-world-bank-country-and-lending-groups,2026-06-29,official_source_mapped,
IR,IRN,イラン,Iran,UMC,上位中所得国,Upper middle income,中高收入經濟體,中高收入经济体,FY2026,2024,"GNI per capita, Atlas method","GNI per capita $4,496 to $13,935",WORLD_BANK_COUNTRY_LENDING_GROUPS,World Bank Country and Lending Groups,https://datahelpdesk.worldbank.org/knowledgebase/articles/906519-world-bank-country-and-lending-groups,2026-06-29,official_source_mapped,
IS,ISL,アイスランド,Iceland,HIC,高所得国,High income,高收入經濟體,高收入经济体,FY2026,2024,"GNI per capita, Atlas method","GNI per capita more than $13,935",WORLD_BANK_COUNTRY_LENDING_GROUPS,World Bank Country and Lending Groups,https://datahelpdesk.worldbank.org/knowledgebase/articles/906519-world-bank-country-and-lending-groups,2026-06-29,official_source_mapped,
IT,ITA,イタリア,Italy,HIC,高所得国,High income,高收入經濟體,高收入经济体,FY2026,2024,"GNI per capita, Atlas method","GNI per capita more than $13,935",WORLD_BANK_COUNTRY_LENDING_GROUPS,World Bank Country and Lending Groups,https://datahelpdesk.worldbank.org/knowledgebase/articles/906519-world-bank-country-and-lending-groups,2026-06-29,official_source_mapped,
JM,JAM,ジャマイカ,Jamaica,UMC,上位中所得国,Upper middle income,中高收入經濟體,中高收入经济体,FY2026,2024,"GNI per capita, Atlas method","GNI per capita $4,496 to $13,935",WORLD_BANK_COUNTRY_LENDING_GROUPS,World Bank Country and Lending Groups,https://datahelpdesk.worldbank.org/knowledgebase/articles/906519-world-bank-country-and-lending-groups,2026-06-29,official_source_mapped,
JO,JOR,ヨルダン,Jordan,LMC,下位中所得国,Lower middle income,中低收入經濟體,中低收入经济体,FY2026,2024,"GNI per capita, Atlas method","GNI per capita $1,136 to $4,495",WORLD_BANK_COUNTRY_LENDING_GROUPS,World Bank Country and Lending Groups,https://datahelpdesk.worldbank.org/knowledgebase/articles/906519-world-bank-country-and-lending-groups,2026-06-29,official_source_mapped,
JP,JPN,日本,Japan,HIC,高所得国,High income,高收入經濟體,高收入经济体,FY2026,2024,"GNI per capita, Atlas method","GNI per capita more than $13,935",WORLD_BANK_COUNTRY_LENDING_GROUPS,World Bank Country and Lending Groups,https://datahelpdesk.worldbank.org/knowledgebase/articles/906519-world-bank-country-and-lending-groups,2026-06-29,official_source_mapped,
KE,KEN,ケニア,Kenya,LMC,下位中所得国,Lower middle income,中低收入經濟體,中低收入经济体,FY2026,2024,"GNI per capita, Atlas method","GNI per capita $1,136 to $4,495",WORLD_BANK_COUNTRY_LENDING_GROUPS,World Bank Country and Lending Groups,https://datahelpdesk.worldbank.org/knowledgebase/articles/906519-world-bank-country-and-lending-groups,2026-06-29,official_source_mapped,
KG,KGZ,キルギス,Kyrgyzstan,LMC,下位中所得国,Lower middle income,中低收入經濟體,中低收入经济体,FY2026,2024,"GNI per capita, Atlas method","GNI per capita $1,136 to $4,495",WORLD_BANK_COUNTRY_LENDING_GROUPS,World Bank Country and Lending Groups,https://datahelpdesk.worldbank.org/knowledgebase/articles/906519-world-bank-country-and-lending-groups,2026-06-29,official_source_mapped,
KH,KHM,カンボジア,Cambodia,LMC,下位中所得国,Lower middle income,中低收入經濟體,中低收入经济体,FY2026,2024,"GNI per capita, Atlas method","GNI per capita $1,136 to $4,495",WORLD_BANK_COUNTRY_LENDING_GROUPS,World Bank Country and Lending Groups,https://datahelpdesk.worldbank.org/knowledgebase/articles/906519-world-bank-country-and-lending-groups,2026-06-29,official_source_mapped,
KI,KIR,キリバス,Kiribati,LMC,下位中所得国,Lower middle income,中低收入經濟體,中低收入经济体,FY2026,2024,"GNI per capita, Atlas method","GNI per capita $1,136 to $4,495",WORLD_BANK_COUNTRY_LENDING_GROUPS,World Bank Country and Lending Groups,https://datahelpdesk.worldbank.org/knowledgebase/articles/906519-world-bank-country-and-lending-groups,2026-06-29,official_source_mapped,
KM,COM,コモロ,Comoros,LMC,下位中所得国,Lower middle income,中低收入經濟體,中低收入经济体,FY2026,2024,"GNI per capita, Atlas method","GNI per capita $1,136 to $4,495",WORLD_BANK_COUNTRY_LENDING_GROUPS,World Bank Country and Lending Groups,https://datahelpdesk.worldbank.org/knowledgebase/articles/906519-world-bank-country-and-lending-groups,2026-06-29,official_source_mapped,
KN,KNA,セントクリストファー・ネーヴィス,St. Kitts & Nevis,HIC,高所得国,High income,高收入經濟體,高收入经济体,FY2026,2024,"GNI per capita, Atlas method","GNI per capita more than $13,935",WORLD_BANK_COUNTRY_LENDING_GROUPS,World Bank Country and Lending Groups,https://datahelpdesk.worldbank.org/knowledgebase/articles/906519-world-bank-country-and-lending-groups,2026-06-29,official_source_mapped,
KP,PRK,北朝鮮,North Korea,LIC,低所得国,Low income,低收入經濟體,低收入经济体,FY2026,2024,"GNI per capita, Atlas method","GNI per capita $1,135 or less",WORLD_BANK_COUNTRY_LENDING_GROUPS,World Bank Country and Lending Groups,https://datahelpdesk.worldbank.org/knowledgebase/articles/906519-world-bank-country-and-lending-groups,2026-06-29,official_source_mapped,
KR,KOR,韓国,South Korea,HIC,高所得国,High income,高收入經濟體,高收入经济体,FY2026,2024,"GNI per capita, Atlas method","GNI per capita more than $13,935",WORLD_BANK_COUNTRY_LENDING_GROUPS,World Bank Country and Lending Groups,https://datahelpdesk.worldbank.org/knowledgebase/articles/906519-world-bank-country-and-lending-groups,2026-06-29,official_source_mapped,
KW,KWT,クウェート,Kuwait,HIC,高所得国,High income,高收入經濟體,高收入经济体,FY2026,2024,"GNI per capita, Atlas method","GNI per capita more than $13,935",WORLD_BANK_COUNTRY_LENDING_GROUPS,World Bank Country and Lending Groups,https://datahelpdesk.worldbank.org/knowledgebase/articles/906519-world-bank-country-and-lending-groups,2026-06-29,official_source_mapped,
KZ,KAZ,カザフスタン,Kazakhstan,UMC,上位中所得国,Upper middle income,中高收入經濟體,中高收入经济体,FY2026,2024,"GNI per capita, Atlas method","GNI per capita $4,496 to $13,935",WORLD_BANK_COUNTRY_LENDING_GROUPS,World Bank Country and Lending Groups,https://datahelpdesk.worldbank.org/knowledgebase/articles/906519-world-bank-country-and-lending-groups,2026-06-29,official_source_mapped,
LA,LAO,ラオス,Laos,LMC,下位中所得国,Lower middle income,中低收入經濟體,中低收入经济体,FY2026,2024,"GNI per capita, Atlas method","GNI per capita $1,136 to $4,495",WORLD_BANK_COUNTRY_LENDING_GROUPS,World Bank Country and Lending Groups,https://datahelpdesk.worldbank.org/knowledgebase/articles/906519-world-bank-country-and-lending-groups,2026-06-29,official_source_mapped,
LB,LBN,レバノン,Lebanon,LMC,下位中所得国,Lower middle income,中低收入經濟體,中低收入经济体,FY2026,2024,"GNI per capita, Atlas method","GNI per capita $1,136 to $4,495",WORLD_BANK_COUNTRY_LENDING_GROUPS,World Bank Country and Lending Groups,https://datahelpdesk.worldbank.org/knowledgebase/articles/906519-world-bank-country-and-lending-groups,2026-06-29,official_source_mapped,
LC,LCA,セントルシア,St. Lucia,UMC,上位中所得国,Upper middle income,中高收入經濟體,中高收入经济体,FY2026,2024,"GNI per capita, Atlas method","GNI per capita $4,496 to $13,935",WORLD_BANK_COUNTRY_LENDING_GROUPS,World Bank Country and Lending Groups,https://datahelpdesk.worldbank.org/knowledgebase/articles/906519-world-bank-country-and-lending-groups,2026-06-29,official_source_mapped,
LI,LIE,リヒテンシュタイン,Liechtenstein,HIC,高所得国,High income,高收入經濟體,高收入经济体,FY2026,2024,"GNI per capita, Atlas method","GNI per capita more than $13,935",WORLD_BANK_COUNTRY_LENDING_GROUPS,World Bank Country and Lending Groups,https://datahelpdesk.worldbank.org/knowledgebase/articles/906519-world-bank-country-and-lending-groups,2026-06-29,official_source_mapped,
LK,LKA,スリランカ,Sri Lanka,LMC,下位中所得国,Lower middle income,中低收入經濟體,中低收入经济体,FY2026,2024,"GNI per capita, Atlas method","GNI per capita $1,136 to $4,495",WORLD_BANK_COUNTRY_LENDING_GROUPS,World Bank Country and Lending Groups,https://datahelpdesk.worldbank.org/knowledgebase/articles/906519-world-bank-country-and-lending-groups,2026-06-29,official_source_mapped,
LR,LBR,リベリア,Liberia,LIC,低所得国,Low income,低收入經濟體,低收入经济体,FY2026,2024,"GNI per capita, Atlas method","GNI per capita $1,135 or less",WORLD_BANK_COUNTRY_LENDING_GROUPS,World Bank Country and Lending Groups,https://datahelpdesk.worldbank.org/knowledgebase/articles/906519-world-bank-country-and-lending-groups,2026-06-29,official_source_mapped,
LS,LSO,レソト,Lesotho,LMC,下位中所得国,Lower middle income,中低收入經濟體,中低收入经济体,FY2026,2024,"GNI per capita, Atlas method","GNI per capita $1,136 to $4,495",WORLD_BANK_COUNTRY_LENDING_GROUPS,World Bank Country and Lending Groups,https://datahelpdesk.worldbank.org/knowledgebase/articles/906519-world-bank-country-and-lending-groups,2026-06-29,official_source_mapped,
LT,LTU,リトアニア,Lithuania,HIC,高所得国,High income,高收入經濟體,高收入经济体,FY2026,2024,"GNI per capita, Atlas method","GNI per capita more than $13,935",WORLD_BANK_COUNTRY_LENDING_GROUPS,World Bank Country and Lending Groups,https://datahelpdesk.worldbank.org/knowledgebase/articles/906519-world-bank-country-and-lending-groups,2026-06-29,official_source_mapped,
LU,LUX,ルクセンブルク,Luxembourg,HIC,高所得国,High income,高收入經濟體,高收入经济体,FY2026,2024,"GNI per capita, Atlas method","GNI per capita more than $13,935",WORLD_BANK_COUNTRY_LENDING_GROUPS,World Bank Country and Lending Groups,https://datahelpdesk.worldbank.org/knowledgebase/articles/906519-world-bank-country-and-lending-groups,2026-06-29,official_source_mapped,
LV,LVA,ラトビア,Latvia,HIC,高所得国,High income,高收入經濟體,高收入经济体,FY2026,2024,"GNI per capita, Atlas method","GNI per capita more than $13,935",WORLD_BANK_COUNTRY_LENDING_GROUPS,World Bank Country and Lending Groups,https://datahelpdesk.worldbank.org/knowledgebase/articles/906519-world-bank-country-and-lending-groups,2026-06-29,official_source_mapped,
LY,LBY,リビア,Libya,UMC,上位中所得国,Upper middle income,中高收入經濟體,中高收入经济体,FY2026,2024,"GNI per capita, Atlas method","GNI per capita $4,496 to $13,935",WORLD_BANK_COUNTRY_LENDING_GROUPS,World Bank Country and Lending Groups,https://datahelpdesk.worldbank.org/knowledgebase/articles/906519-world-bank-country-and-lending-groups,2026-06-29,official_source_mapped,
MA,MAR,モロッコ,Morocco,LMC,下位中所得国,Lower middle income,中低收入經濟體,中低收入经济体,FY2026,2024,"GNI per capita, Atlas method","GNI per capita $1,136 to $4,495",WORLD_BANK_COUNTRY_LENDING_GROUPS,World Bank Country and Lending Groups,https://datahelpdesk.worldbank.org/knowledgebase/articles/906519-world-bank-country-and-lending-groups,2026-06-29,official_source_mapped,
MC,MCO,モナコ,Monaco,HIC,高所得国,High income,高收入經濟體,高收入经济体,FY2026,2024,"GNI per capita, Atlas method","GNI per capita more than $13,935",WORLD_BANK_COUNTRY_LENDING_GROUPS,World Bank Country and Lending Groups,https://datahelpdesk.worldbank.org/knowledgebase/articles/906519-world-bank-country-and-lending-groups,2026-06-29,official_source_mapped,
MD,MDA,モルドバ,Moldova,UMC,上位中所得国,Upper middle income,中高收入經濟體,中高收入经济体,FY2026,2024,"GNI per capita, Atlas method","GNI per capita $4,496 to $13,935",WORLD_BANK_COUNTRY_LENDING_GROUPS,World Bank Country and Lending Groups,https://datahelpdesk.worldbank.org/knowledgebase/articles/906519-world-bank-country-and-lending-groups,2026-06-29,official_source_mapped,
ME,MNE,モンテネグロ,Montenegro,UMC,上位中所得国,Upper middle income,中高收入經濟體,中高收入经济体,FY2026,2024,"GNI per capita, Atlas method","GNI per capita $4,496 to $13,935",WORLD_BANK_COUNTRY_LENDING_GROUPS,World Bank Country and Lending Groups,https://datahelpdesk.worldbank.org/knowledgebase/articles/906519-world-bank-country-and-lending-groups,2026-06-29,official_source_mapped,
MG,MDG,マダガスカル,Madagascar,LIC,低所得国,Low income,低收入經濟體,低收入经济体,FY2026,2024,"GNI per capita, Atlas method","GNI per capita $1,135 or less",WORLD_BANK_COUNTRY_LENDING_GROUPS,World Bank Country and Lending Groups,https://datahelpdesk.worldbank.org/knowledgebase/articles/906519-world-bank-country-and-lending-groups,2026-06-29,official_source_mapped,
MH,MHL,マーシャル諸島,Marshall Islands,UMC,上位中所得国,Upper middle income,中高收入經濟體,中高收入经济体,FY2026,2024,"GNI per capita, Atlas method","GNI per capita $4,496 to $13,935",WORLD_BANK_COUNTRY_LENDING_GROUPS,World Bank Country and Lending Groups,https://datahelpdesk.worldbank.org/knowledgebase/articles/906519-world-bank-country-and-lending-groups,2026-06-29,official_source_mapped,
MK,MKD,北マケドニア,North Macedonia,UMC,上位中所得国,Upper middle income,中高收入經濟體,中高收入经济体,FY2026,2024,"GNI per capita, Atlas method","GNI per capita $4,496 to $13,935",WORLD_BANK_COUNTRY_LENDING_GROUPS,World Bank Country and Lending Groups,https://datahelpdesk.worldbank.org/knowledgebase/articles/906519-world-bank-country-and-lending-groups,2026-06-29,official_source_mapped,
ML,MLI,マリ,Mali,LIC,低所得国,Low income,低收入經濟體,低收入经济体,FY2026,2024,"GNI per capita, Atlas method","GNI per capita $1,135 or less",WORLD_BANK_COUNTRY_LENDING_GROUPS,World Bank Country and Lending Groups,https://datahelpdesk.worldbank.org/knowledgebase/articles/906519-world-bank-country-and-lending-groups,2026-06-29,official_source_mapped,
MM,MMR,ミャンマー (ビルマ),Myanmar (Burma),LMC,下位中所得国,Lower middle income,中低收入經濟體,中低收入经济体,FY2026,2024,"GNI per capita, Atlas method","GNI per capita $1,136 to $4,495",WORLD_BANK_COUNTRY_LENDING_GROUPS,World Bank Country and Lending Groups,https://datahelpdesk.worldbank.org/knowledgebase/articles/906519-world-bank-country-and-lending-groups,2026-06-29,official_source_mapped,
MN,MNG,モンゴル,Mongolia,UMC,上位中所得国,Upper middle income,中高收入經濟體,中高收入经济体,FY2026,2024,"GNI per capita, Atlas method","GNI per capita $4,496 to $13,935",WORLD_BANK_COUNTRY_LENDING_GROUPS,World Bank Country and Lending Groups,https://datahelpdesk.worldbank.org/knowledgebase/articles/906519-world-bank-country-and-lending-groups,2026-06-29,official_source_mapped,
MO,MAC,マカオ（中国）,"Macao, China",HIC,高所得国,High income,高收入經濟體,高收入经济体,FY2026,2024,"GNI per capita, Atlas method","GNI per capita more than $13,935",WORLD_BANK_COUNTRY_LENDING_GROUPS,World Bank Country and Lending Groups,https://datahelpdesk.worldbank.org/knowledgebase/articles/906519-world-bank-country-and-lending-groups,2026-06-29,official_source_mapped,
MR,MRT,モーリタニア,Mauritania,LMC,下位中所得国,Lower middle income,中低收入經濟體,中低收入经济体,FY2026,2024,"GNI per capita, Atlas method","GNI per capita $1,136 to $4,495",WORLD_BANK_COUNTRY_LENDING_GROUPS,World Bank Country and Lending Groups,https://datahelpdesk.worldbank.org/knowledgebase/articles/906519-world-bank-country-and-lending-groups,2026-06-29,official_source_mapped,
MT,MLT,マルタ,Malta,HIC,高所得国,High income,高收入經濟體,高收入经济体,FY2026,2024,"GNI per capita, Atlas method","GNI per capita more than $13,935",WORLD_BANK_COUNTRY_LENDING_GROUPS,World Bank Country and Lending Groups,https://datahelpdesk.worldbank.org/knowledgebase/articles/906519-world-bank-country-and-lending-groups,2026-06-29,official_source_mapped,
MU,MUS,モーリシャス,Mauritius,UMC,上位中所得国,Upper middle income,中高收入經濟體,中高收入经济体,FY2026,2024,"GNI per capita, Atlas method","GNI per capita $4,496 to $13,935",WORLD_BANK_COUNTRY_LENDING_GROUPS,World Bank Country and Lending Groups,https://datahelpdesk.worldbank.org/knowledgebase/articles/906519-world-bank-country-and-lending-groups,2026-06-29,official_source_mapped,
MV,MDV,モルディブ,Maldives,UMC,上位中所得国,Upper middle income,中高收入經濟體,中高收入经济体,FY2026,2024,"GNI per capita, Atlas method","GNI per capita $4,496 to $13,935",WORLD_BANK_COUNTRY_LENDING_GROUPS,World Bank Country and Lending Groups,https://datahelpdesk.worldbank.org/knowledgebase/articles/906519-world-bank-country-and-lending-groups,2026-06-29,official_source_mapped,
MW,MWI,マラウイ,Malawi,LIC,低所得国,Low income,低收入經濟體,低收入经济体,FY2026,2024,"GNI per capita, Atlas method","GNI per capita $1,135 or less",WORLD_BANK_COUNTRY_LENDING_GROUPS,World Bank Country and Lending Groups,https://datahelpdesk.worldbank.org/knowledgebase/articles/906519-world-bank-country-and-lending-groups,2026-06-29,official_source_mapped,
MX,MEX,メキシコ,Mexico,UMC,上位中所得国,Upper middle income,中高收入經濟體,中高收入经济体,FY2026,2024,"GNI per capita, Atlas method","GNI per capita $4,496 to $13,935",WORLD_BANK_COUNTRY_LENDING_GROUPS,World Bank Country and Lending Groups,https://datahelpdesk.worldbank.org/knowledgebase/articles/906519-world-bank-country-and-lending-groups,2026-06-29,official_source_mapped,
MY,MYS,マレーシア,Malaysia,UMC,上位中所得国,Upper middle income,中高收入經濟體,中高收入经济体,FY2026,2024,"GNI per capita, Atlas method","GNI per capita $4,496 to $13,935",WORLD_BANK_COUNTRY_LENDING_GROUPS,World Bank Country and Lending Groups,https://datahelpdesk.worldbank.org/knowledgebase/articles/906519-world-bank-country-and-lending-groups,2026-06-29,official_source_mapped,
MZ,MOZ,モザンビーク,Mozambique,LIC,低所得国,Low income,低收入經濟體,低收入经济体,FY2026,2024,"GNI per capita, Atlas method","GNI per capita $1,135 or less",WORLD_BANK_COUNTRY_LENDING_GROUPS,World Bank Country and Lending Groups,https://datahelpdesk.worldbank.org/knowledgebase/articles/906519-world-bank-country-and-lending-groups,2026-06-29,official_source_mapped,
NA,NAM,ナミビア,Namibia,UMC,上位中所得国,Upper middle income,中高收入經濟體,中高收入经济体,FY2026,2024,"GNI per capita, Atlas method","GNI per capita $4,496 to $13,935",WORLD_BANK_COUNTRY_LENDING_GROUPS,World Bank Country and Lending Groups,https://datahelpdesk.worldbank.org/knowledgebase/articles/906519-world-bank-country-and-lending-groups,2026-06-29,official_source_mapped,
NE,NER,ニジェール,Niger,LIC,低所得国,Low income,低收入經濟體,低收入经济体,FY2026,2024,"GNI per capita, Atlas method","GNI per capita $1,135 or less",WORLD_BANK_COUNTRY_LENDING_GROUPS,World Bank Country and Lending Groups,https://datahelpdesk.worldbank.org/knowledgebase/articles/906519-world-bank-country-and-lending-groups,2026-06-29,official_source_mapped,
NG,NGA,ナイジェリア,Nigeria,LMC,下位中所得国,Lower middle income,中低收入經濟體,中低收入经济体,FY2026,2024,"GNI per capita, Atlas method","GNI per capita $1,136 to $4,495",WORLD_BANK_COUNTRY_LENDING_GROUPS,World Bank Country and Lending Groups,https://datahelpdesk.worldbank.org/knowledgebase/articles/906519-world-bank-country-and-lending-groups,2026-06-29,official_source_mapped,
NI,NIC,ニカラグア,Nicaragua,LMC,下位中所得国,Lower middle income,中低收入經濟體,中低收入经济体,FY2026,2024,"GNI per capita, Atlas method","GNI per capita $1,136 to $4,495",WORLD_BANK_COUNTRY_LENDING_GROUPS,World Bank Country and Lending Groups,https://datahelpdesk.worldbank.org/knowledgebase/articles/906519-world-bank-country-and-lending-groups,2026-06-29,official_source_mapped,
NL,NLD,オランダ,Netherlands,HIC,高所得国,High income,高收入經濟體,高收入经济体,FY2026,2024,"GNI per capita, Atlas method","GNI per capita more than $13,935",WORLD_BANK_COUNTRY_LENDING_GROUPS,World Bank Country and Lending Groups,https://datahelpdesk.worldbank.org/knowledgebase/articles/906519-world-bank-country-and-lending-groups,2026-06-29,official_source_mapped,
NO,NOR,ノルウェー,Norway,HIC,高所得国,High income,高收入經濟體,高收入经济体,FY2026,2024,"GNI per capita, Atlas method","GNI per capita more than $13,935",WORLD_BANK_COUNTRY_LENDING_GROUPS,World Bank Country and Lending Groups,https://datahelpdesk.worldbank.org/knowledgebase/articles/906519-world-bank-country-and-lending-groups,2026-06-29,official_source_mapped,
NP,NPL,ネパール,Nepal,LMC,下位中所得国,Lower middle income,中低收入經濟體,中低收入经济体,FY2026,2024,"GNI per capita, Atlas method","GNI per capita $1,136 to $4,495",WORLD_BANK_COUNTRY_LENDING_GROUPS,World Bank Country and Lending Groups,https://datahelpdesk.worldbank.org/knowledgebase/articles/906519-world-bank-country-and-lending-groups,2026-06-29,official_source_mapped,
NR,NRU,ナウル,Nauru,HIC,高所得国,High income,高收入經濟體,高收入经济体,FY2026,2024,"GNI per capita, Atlas method","GNI per capita more than $13,935",WORLD_BANK_COUNTRY_LENDING_GROUPS,World Bank Country and Lending Groups,https://datahelpdesk.worldbank.org/knowledgebase/articles/906519-world-bank-country-and-lending-groups,2026-06-29,official_source_mapped,
NZ,NZL,ニュージーランド,New Zealand,HIC,高所得国,High income,高收入經濟體,高收入经济体,FY2026,2024,"GNI per capita, Atlas method","GNI per capita more than $13,935",WORLD_BANK_COUNTRY_LENDING_GROUPS,World Bank Country and Lending Groups,https://datahelpdesk.worldbank.org/knowledgebase/articles/906519-world-bank-country-and-lending-groups,2026-06-29,official_source_mapped,
OM,OMN,オマーン,Oman,HIC,高所得国,High income,高收入經濟體,高收入经济体,FY2026,2024,"GNI per capita, Atlas method","GNI per capita more than $13,935",WORLD_BANK_COUNTRY_LENDING_GROUPS,World Bank Country and Lending Groups,https://datahelpdesk.worldbank.org/knowledgebase/articles/906519-world-bank-country-and-lending-groups,2026-06-29,official_source_mapped,
PA,PAN,パナマ,Panama,HIC,高所得国,High income,高收入經濟體,高收入经济体,FY2026,2024,"GNI per capita, Atlas method","GNI per capita more than $13,935",WORLD_BANK_COUNTRY_LENDING_GROUPS,World Bank Country and Lending Groups,https://datahelpdesk.worldbank.org/knowledgebase/articles/906519-world-bank-country-and-lending-groups,2026-06-29,official_source_mapped,
PE,PER,ペルー,Peru,UMC,上位中所得国,Upper middle income,中高收入經濟體,中高收入经济体,FY2026,2024,"GNI per capita, Atlas method","GNI per capita $4,496 to $13,935",WORLD_BANK_COUNTRY_LENDING_GROUPS,World Bank Country and Lending Groups,https://datahelpdesk.worldbank.org/knowledgebase/articles/906519-world-bank-country-and-lending-groups,2026-06-29,official_source_mapped,
PG,PNG,パプアニューギニア,Papua New Guinea,LMC,下位中所得国,Lower middle income,中低收入經濟體,中低收入经济体,FY2026,2024,"GNI per capita, Atlas method","GNI per capita $1,136 to $4,495",WORLD_BANK_COUNTRY_LENDING_GROUPS,World Bank Country and Lending Groups,https://datahelpdesk.worldbank.org/knowledgebase/articles/906519-world-bank-country-and-lending-groups,2026-06-29,official_source_mapped,
PH,PHL,フィリピン,Philippines,LMC,下位中所得国,Lower middle income,中低收入經濟體,中低收入经济体,FY2026,2024,"GNI per capita, Atlas method","GNI per capita $1,136 to $4,495",WORLD_BANK_COUNTRY_LENDING_GROUPS,World Bank Country and Lending Groups,https://datahelpdesk.worldbank.org/knowledgebase/articles/906519-world-bank-country-and-lending-groups,2026-06-29,official_source_mapped,
PK,PAK,パキスタン,Pakistan,LMC,下位中所得国,Lower middle income,中低收入經濟體,中低收入经济体,FY2026,2024,"GNI per capita, Atlas method","GNI per capita $1,136 to $4,495",WORLD_BANK_COUNTRY_LENDING_GROUPS,World Bank Country and Lending Groups,https://datahelpdesk.worldbank.org/knowledgebase/articles/906519-world-bank-country-and-lending-groups,2026-06-29,official_source_mapped,
PL,POL,ポーランド,Poland,HIC,高所得国,High income,高收入經濟體,高收入经济体,FY2026,2024,"GNI per capita, Atlas method","GNI per capita more than $13,935",WORLD_BANK_COUNTRY_LENDING_GROUPS,World Bank Country and Lending Groups,https://datahelpdesk.worldbank.org/knowledgebase/articles/906519-world-bank-country-and-lending-groups,2026-06-29,official_source_mapped,
PT,PRT,ポルトガル,Portugal,HIC,高所得国,High income,高收入經濟體,高收入经济体,FY2026,2024,"GNI per capita, Atlas method","GNI per capita more than $13,935",WORLD_BANK_COUNTRY_LENDING_GROUPS,World Bank Country and Lending Groups,https://datahelpdesk.worldbank.org/knowledgebase/articles/906519-world-bank-country-and-lending-groups,2026-06-29,official_source_mapped,
PW,PLW,パラオ,Palau,HIC,高所得国,High income,高收入經濟體,高收入经济体,FY2026,2024,"GNI per capita, Atlas method","GNI per capita more than $13,935",WORLD_BANK_COUNTRY_LENDING_GROUPS,World Bank Country and Lending Groups,https://datahelpdesk.worldbank.org/knowledgebase/articles/906519-world-bank-country-and-lending-groups,2026-06-29,official_source_mapped,
PY,PRY,パラグアイ,Paraguay,UMC,上位中所得国,Upper middle income,中高收入經濟體,中高收入经济体,FY2026,2024,"GNI per capita, Atlas method","GNI per capita $4,496 to $13,935",WORLD_BANK_COUNTRY_LENDING_GROUPS,World Bank Country and Lending Groups,https://datahelpdesk.worldbank.org/knowledgebase/articles/906519-world-bank-country-and-lending-groups,2026-06-29,official_source_mapped,
QA,QAT,カタール,Qatar,HIC,高所得国,High income,高收入經濟體,高收入经济体,FY2026,2024,"GNI per capita, Atlas method","GNI per capita more than $13,935",WORLD_BANK_COUNTRY_LENDING_GROUPS,World Bank Country and Lending Groups,https://datahelpdesk.worldbank.org/knowledgebase/articles/906519-world-bank-country-and-lending-groups,2026-06-29,official_source_mapped,
RO,ROU,ルーマニア,Romania,HIC,高所得国,High income,高收入經濟體,高收入经济体,FY2026,2024,"GNI per capita, Atlas method","GNI per capita more than $13,935",WORLD_BANK_COUNTRY_LENDING_GROUPS,World Bank Country and Lending Groups,https://datahelpdesk.worldbank.org/knowledgebase/articles/906519-world-bank-country-and-lending-groups,2026-06-29,official_source_mapped,
RS,SRB,セルビア,Serbia,UMC,上位中所得国,Upper middle income,中高收入經濟體,中高收入经济体,FY2026,2024,"GNI per capita, Atlas method","GNI per capita $4,496 to $13,935",WORLD_BANK_COUNTRY_LENDING_GROUPS,World Bank Country and Lending Groups,https://datahelpdesk.worldbank.org/knowledgebase/articles/906519-world-bank-country-and-lending-groups,2026-06-29,official_source_mapped,
RU,RUS,ロシア,Russia,HIC,高所得国,High income,高收入經濟體,高收入经济体,FY2026,2024,"GNI per capita, Atlas method","GNI per capita more than $13,935",WORLD_BANK_COUNTRY_LENDING_GROUPS,World Bank Country and Lending Groups,https://datahelpdesk.worldbank.org/knowledgebase/articles/906519-world-bank-country-and-lending-groups,2026-06-29,official_source_mapped,
RW,RWA,ルワンダ,Rwanda,LIC,低所得国,Low income,低收入經濟體,低收入经济体,FY2026,2024,"GNI per capita, Atlas method","GNI per capita $1,135 or less",WORLD_BANK_COUNTRY_LENDING_GROUPS,World Bank Country and Lending Groups,https://datahelpdesk.worldbank.org/knowledgebase/articles/906519-world-bank-country-and-lending-groups,2026-06-29,official_source_mapped,
SA,SAU,サウジアラビア,Saudi Arabia,HIC,高所得国,High income,高收入經濟體,高收入经济体,FY2026,2024,"GNI per capita, Atlas method","GNI per capita more than $13,935",WORLD_BANK_COUNTRY_LENDING_GROUPS,World Bank Country and Lending Groups,https://datahelpdesk.worldbank.org/knowledgebase/articles/906519-world-bank-country-and-lending-groups,2026-06-29,official_source_mapped,
SB,SLB,ソロモン諸島,Solomon Islands,LMC,下位中所得国,Lower middle income,中低收入經濟體,中低收入经济体,FY2026,2024,"GNI per capita, Atlas method","GNI per capita $1,136 to $4,495",WORLD_BANK_COUNTRY_LENDING_GROUPS,World Bank Country and Lending Groups,https://datahelpdesk.worldbank.org/knowledgebase/articles/906519-world-bank-country-and-lending-groups,2026-06-29,official_source_mapped,
SC,SYC,セーシェル,Seychelles,HIC,高所得国,High income,高收入經濟體,高收入经济体,FY2026,2024,"GNI per capita, Atlas method","GNI per capita more than $13,935",WORLD_BANK_COUNTRY_LENDING_GROUPS,World Bank Country and Lending Groups,https://datahelpdesk.worldbank.org/knowledgebase/articles/906519-world-bank-country-and-lending-groups,2026-06-29,official_source_mapped,
SD,SDN,スーダン,Sudan,LIC,低所得国,Low income,低收入經濟體,低收入经济体,FY2026,2024,"GNI per capita, Atlas method","GNI per capita $1,135 or less",WORLD_BANK_COUNTRY_LENDING_GROUPS,World Bank Country and Lending Groups,https://datahelpdesk.worldbank.org/knowledgebase/articles/906519-world-bank-country-and-lending-groups,2026-06-29,official_source_mapped,
SE,SWE,スウェーデン,Sweden,HIC,高所得国,High income,高收入經濟體,高收入经济体,FY2026,2024,"GNI per capita, Atlas method","GNI per capita more than $13,935",WORLD_BANK_COUNTRY_LENDING_GROUPS,World Bank Country and Lending Groups,https://datahelpdesk.worldbank.org/knowledgebase/articles/906519-world-bank-country-and-lending-groups,2026-06-29,official_source_mapped,
SG,SGP,シンガポール,Singapore,HIC,高所得国,High income,高收入經濟體,高收入经济体,FY2026,2024,"GNI per capita, Atlas method","GNI per capita more than $13,935",WORLD_BANK_COUNTRY_LENDING_GROUPS,World Bank Country and Lending Groups,https://datahelpdesk.worldbank.org/knowledgebase/articles/906519-world-bank-country-and-lending-groups,2026-06-29,official_source_mapped,
SI,SVN,スロベニア,Slovenia,HIC,高所得国,High income,高收入經濟體,高收入经济体,FY2026,2024,"GNI per capita, Atlas method","GNI per capita more than $13,935",WORLD_BANK_COUNTRY_LENDING_GROUPS,World Bank Country and Lending Groups,https://datahelpdesk.worldbank.org/knowledgebase/articles/906519-world-bank-country-and-lending-groups,2026-06-29,official_source_mapped,
SK,SVK,スロバキア,Slovakia,HIC,高所得国,High income,高收入經濟體,高收入经济体,FY2026,2024,"GNI per capita, Atlas method","GNI per capita more than $13,935",WORLD_BANK_COUNTRY_LENDING_GROUPS,World Bank Country and Lending Groups,https://datahelpdesk.worldbank.org/knowledgebase/articles/906519-world-bank-country-and-lending-groups,2026-06-29,official_source_mapped,
SL,SLE,シエラレオネ,Sierra Leone,LIC,低所得国,Low income,低收入經濟體,低收入经济体,FY2026,2024,"GNI per capita, Atlas method","GNI per capita $1,135 or less",WORLD_BANK_COUNTRY_LENDING_GROUPS,World Bank Country and Lending Groups,https://datahelpdesk.worldbank.org/knowledgebase/articles/906519-world-bank-country-and-lending-groups,2026-06-29,official_source_mapped,
SM,SMR,サンマリノ,San Marino,HIC,高所得国,High income,高收入經濟體,高收入经济体,FY2026,2024,"GNI per capita, Atlas method","GNI per capita more than $13,935",WORLD_BANK_COUNTRY_LENDING_GROUPS,World Bank Country and Lending Groups,https://datahelpdesk.worldbank.org/knowledgebase/articles/906519-world-bank-country-and-lending-groups,2026-06-29,official_source_mapped,
SN,SEN,セネガル,Senegal,LMC,下位中所得国,Lower middle income,中低收入經濟體,中低收入经济体,FY2026,2024,"GNI per capita, Atlas method","GNI per capita $1,136 to $4,495",WORLD_BANK_COUNTRY_LENDING_GROUPS,World Bank Country and Lending Groups,https://datahelpdesk.worldbank.org/knowledgebase/articles/906519-world-bank-country-and-lending-groups,2026-06-29,official_source_mapped,
SO,SOM,ソマリア,Somalia,LIC,低所得国,Low income,低收入經濟體,低收入经济体,FY2026,2024,"GNI per capita, Atlas method","GNI per capita $1,135 or less",WORLD_BANK_COUNTRY_LENDING_GROUPS,World Bank Country and Lending Groups,https://datahelpdesk.worldbank.org/knowledgebase/articles/906519-world-bank-country-and-lending-groups,2026-06-29,official_source_mapped,
SR,SUR,スリナム,Suriname,UMC,上位中所得国,Upper middle income,中高收入經濟體,中高收入经济体,FY2026,2024,"GNI per capita, Atlas method","GNI per capita $4,496 to $13,935",WORLD_BANK_COUNTRY_LENDING_GROUPS,World Bank Country and Lending Groups,https://datahelpdesk.worldbank.org/knowledgebase/articles/906519-world-bank-country-and-lending-groups,2026-06-29,official_source_mapped,
SS,SSD,南スーダン,South Sudan,LIC,低所得国,Low income,低收入經濟體,低收入经济体,FY2026,2024,"GNI per capita, Atlas method","GNI per capita $1,135 or less",WORLD_BANK_COUNTRY_LENDING_GROUPS,World Bank Country and Lending Groups,https://datahelpdesk.worldbank.org/knowledgebase/articles/906519-world-bank-country-and-lending-groups,2026-06-29,official_source_mapped,
ST,STP,サントメ・プリンシペ,São Tomé & Príncipe,LMC,下位中所得国,Lower middle income,中低收入經濟體,中低收入经济体,FY2026,2024,"GNI per capita, Atlas method","GNI per capita $1,136 to $4,495",WORLD_BANK_COUNTRY_LENDING_GROUPS,World Bank Country and Lending Groups,https://datahelpdesk.worldbank.org/knowledgebase/articles/906519-world-bank-country-and-lending-groups,2026-06-29,official_source_mapped,
SV,SLV,エルサルバドル,El Salvador,UMC,上位中所得国,Upper middle income,中高收入經濟體,中高收入经济体,FY2026,2024,"GNI per capita, Atlas method","GNI per capita $4,496 to $13,935",WORLD_BANK_COUNTRY_LENDING_GROUPS,World Bank Country and Lending Groups,https://datahelpdesk.worldbank.org/knowledgebase/articles/906519-world-bank-country-and-lending-groups,2026-06-29,official_source_mapped,
SY,SYR,シリア,Syria,LIC,低所得国,Low income,低收入經濟體,低收入经济体,FY2026,2024,"GNI per capita, Atlas method","GNI per capita $1,135 or less",WORLD_BANK_COUNTRY_LENDING_GROUPS,World Bank Country and Lending Groups,https://datahelpdesk.worldbank.org/knowledgebase/articles/906519-world-bank-country-and-lending-groups,2026-06-29,official_source_mapped,
SZ,SWZ,エスワティニ,Eswatini,LMC,下位中所得国,Lower middle income,中低收入經濟體,中低收入经济体,FY2026,2024,"GNI per capita, Atlas method","GNI per capita $1,136 to $4,495",WORLD_BANK_COUNTRY_LENDING_GROUPS,World Bank Country and Lending Groups,https://datahelpdesk.worldbank.org/knowledgebase/articles/906519-world-bank-country-and-lending-groups,2026-06-29,official_source_mapped,
TD,TCD,チャド,Chad,LIC,低所得国,Low income,低收入經濟體,低收入经济体,FY2026,2024,"GNI per capita, Atlas method","GNI per capita $1,135 or less",WORLD_BANK_COUNTRY_LENDING_GROUPS,World Bank Country and Lending Groups,https://datahelpdesk.worldbank.org/knowledgebase/articles/906519-world-bank-country-and-lending-groups,2026-06-29,official_source_mapped,
TG,TGO,トーゴ,Togo,LIC,低所得国,Low income,低收入經濟體,低收入经济体,FY2026,2024,"GNI per capita, Atlas method","GNI per capita $1,135 or less",WORLD_BANK_COUNTRY_LENDING_GROUPS,World Bank Country and Lending Groups,https://datahelpdesk.worldbank.org/knowledgebase/articles/906519-world-bank-country-and-lending-groups,2026-06-29,official_source_mapped,
TH,THA,タイ,Thailand,UMC,上位中所得国,Upper middle income,中高收入經濟體,中高收入经济体,FY2026,2024,"GNI per capita, Atlas method","GNI per capita $4,496 to $13,935",WORLD_BANK_COUNTRY_LENDING_GROUPS,World Bank Country and Lending Groups,https://datahelpdesk.worldbank.org/knowledgebase/articles/906519-world-bank-country-and-lending-groups,2026-06-29,official_source_mapped,
TJ,TJK,タジキスタン,Tajikistan,LMC,下位中所得国,Lower middle income,中低收入經濟體,中低收入经济体,FY2026,2024,"GNI per capita, Atlas method","GNI per capita $1,136 to $4,495",WORLD_BANK_COUNTRY_LENDING_GROUPS,World Bank Country and Lending Groups,https://datahelpdesk.worldbank.org/knowledgebase/articles/906519-world-bank-country-and-lending-groups,2026-06-29,official_source_mapped,
TL,TLS,東ティモール,Timor-Leste,LMC,下位中所得国,Lower middle income,中低收入經濟體,中低收入经济体,FY2026,2024,"GNI per capita, Atlas method","GNI per capita $1,136 to $4,495",WORLD_BANK_COUNTRY_LENDING_GROUPS,World Bank Country and Lending Groups,https://datahelpdesk.worldbank.org/knowledgebase/articles/906519-world-bank-country-and-lending-groups,2026-06-29,official_source_mapped,
TM,TKM,トルクメニスタン,Turkmenistan,UMC,上位中所得国,Upper middle income,中高收入經濟體,中高收入经济体,FY2026,2024,"GNI per capita, Atlas method","GNI per capita $4,496 to $13,935",WORLD_BANK_COUNTRY_LENDING_GROUPS,World Bank Country and Lending Groups,https://datahelpdesk.worldbank.org/knowledgebase/articles/906519-world-bank-country-and-lending-groups,2026-06-29,official_source_mapped,
TN,TUN,チュニジア,Tunisia,LMC,下位中所得国,Lower middle income,中低收入經濟體,中低收入经济体,FY2026,2024,"GNI per capita, Atlas method","GNI per capita $1,136 to $4,495",WORLD_BANK_COUNTRY_LENDING_GROUPS,World Bank Country and Lending Groups,https://datahelpdesk.worldbank.org/knowledgebase/articles/906519-world-bank-country-and-lending-groups,2026-06-29,official_source_mapped,
TO,TON,トンガ,Tonga,UMC,上位中所得国,Upper middle income,中高收入經濟體,中高收入经济体,FY2026,2024,"GNI per capita, Atlas method","GNI per capita $4,496 to $13,935",WORLD_BANK_COUNTRY_LENDING_GROUPS,World Bank Country and Lending Groups,https://datahelpdesk.worldbank.org/knowledgebase/articles/906519-world-bank-country-and-lending-groups,2026-06-29,official_source_mapped,
TR,TUR,トルコ,Türkiye,UMC,上位中所得国,Upper middle income,中高收入經濟體,中高收入经济体,FY2026,2024,"GNI per capita, Atlas method","GNI per capita $4,496 to $13,935",WORLD_BANK_COUNTRY_LENDING_GROUPS,World Bank Country and Lending Groups,https://datahelpdesk.worldbank.org/knowledgebase/articles/906519-world-bank-country-and-lending-groups,2026-06-29,official_source_mapped,
TT,TTO,トリニダード・トバゴ,Trinidad & Tobago,HIC,高所得国,High income,高收入經濟體,高收入经济体,FY2026,2024,"GNI per capita, Atlas method","GNI per capita more than $13,935",WORLD_BANK_COUNTRY_LENDING_GROUPS,World Bank Country and Lending Groups,https://datahelpdesk.worldbank.org/knowledgebase/articles/906519-world-bank-country-and-lending-groups,2026-06-29,official_source_mapped,
TV,TUV,ツバル,Tuvalu,UMC,上位中所得国,Upper middle income,中高收入經濟體,中高收入经济体,FY2026,2024,"GNI per capita, Atlas method","GNI per capita $4,496 to $13,935",WORLD_BANK_COUNTRY_LENDING_GROUPS,World Bank Country and Lending Groups,https://datahelpdesk.worldbank.org/knowledgebase/articles/906519-world-bank-country-and-lending-groups,2026-06-29,official_source_mapped,
TW,TWN,台湾,Taiwan,HIC,高所得国,High income,高收入經濟體,高收入经济体,FY2026,2024,"GNI per capita, Atlas method","GNI per capita more than $13,935",WORLD_BANK_COUNTRY_LENDING_GROUPS,World Bank Country and Lending Groups,https://datahelpdesk.worldbank.org/knowledgebase/articles/906519-world-bank-country-and-lending-groups,2026-06-29,official_source_mapped,
TZ,TZA,タンザニア,Tanzania,LMC,下位中所得国,Lower middle income,中低收入經濟體,中低收入经济体,FY2026,2024,"GNI per capita, Atlas method","GNI per capita $1,136 to $4,495",WORLD_BANK_COUNTRY_LENDING_GROUPS,World Bank Country and Lending Groups,https://datahelpdesk.worldbank.org/knowledgebase/articles/906519-world-bank-country-and-lending-groups,2026-06-29,official_source_mapped,
UA,UKR,ウクライナ,Ukraine,UMC,上位中所得国,Upper middle income,中高收入經濟體,中高收入经济体,FY2026,2024,"GNI per capita, Atlas method","GNI per capita $4,496 to $13,935",WORLD_BANK_COUNTRY_LENDING_GROUPS,World Bank Country and Lending Groups,https://datahelpdesk.worldbank.org/knowledgebase/articles/906519-world-bank-country-and-lending-groups,2026-06-29,official_source_mapped,
UG,UGA,ウガンダ,Uganda,LIC,低所得国,Low income,低收入經濟體,低收入经济体,FY2026,2024,"GNI per capita, Atlas method","GNI per capita $1,135 or less",WORLD_BANK_COUNTRY_LENDING_GROUPS,World Bank Country and Lending Groups,https://datahelpdesk.worldbank.org/knowledgebase/articles/906519-world-bank-country-and-lending-groups,2026-06-29,official_source_mapped,
US,USA,アメリカ,United States,HIC,高所得国,High income,高收入經濟體,高收入经济体,FY2026,2024,"GNI per capita, Atlas method","GNI per capita more than $13,935",WORLD_BANK_COUNTRY_LENDING_GROUPS,World Bank Country and Lending Groups,https://datahelpdesk.worldbank.org/knowledgebase/articles/906519-world-bank-country-and-lending-groups,2026-06-29,official_source_mapped,
UY,URY,ウルグアイ,Uruguay,HIC,高所得国,High income,高收入經濟體,高收入经济体,FY2026,2024,"GNI per capita, Atlas method","GNI per capita more than $13,935",WORLD_BANK_COUNTRY_LENDING_GROUPS,World Bank Country and Lending Groups,https://datahelpdesk.worldbank.org/knowledgebase/articles/906519-world-bank-country-and-lending-groups,2026-06-29,official_source_mapped,
UZ,UZB,ウズベキスタン,Uzbekistan,LMC,下位中所得国,Lower middle income,中低收入經濟體,中低收入经济体,FY2026,2024,"GNI per capita, Atlas method","GNI per capita $1,136 to $4,495",WORLD_BANK_COUNTRY_LENDING_GROUPS,World Bank Country and Lending Groups,https://datahelpdesk.worldbank.org/knowledgebase/articles/906519-world-bank-country-and-lending-groups,2026-06-29,official_source_mapped,
VC,VCT,セントビンセント及びグレナディーン諸島,St. Vincent & Grenadines,UMC,上位中所得国,Upper middle income,中高收入經濟體,中高收入经济体,FY2026,2024,"GNI per capita, Atlas method","GNI per capita $4,496 to $13,935",WORLD_BANK_COUNTRY_LENDING_GROUPS,World Bank Country and Lending Groups,https://datahelpdesk.worldbank.org/knowledgebase/articles/906519-world-bank-country-and-lending-groups,2026-06-29,official_source_mapped,
VE,VEN,ベネズエラ,Venezuela,UNCLASSIFIED,未分類,Unclassified,未分類,未分类,FY2026,2024,"GNI per capita, Atlas method",Not classified in FY2026 World Bank income table,WORLD_BANK_COUNTRY_LENDING_GROUPS,World Bank Country and Lending Groups,https://datahelpdesk.worldbank.org/knowledgebase/articles/906519-world-bank-country-and-lending-groups,2026-06-29,official_source_mapped,World Bank note: Venezuela has been unclassified since FY21 due to data unavailability.
VN,VNM,ベトナム,Vietnam,LMC,下位中所得国,Lower middle income,中低收入經濟體,中低收入经济体,FY2026,2024,"GNI per capita, Atlas method","GNI per capita $1,136 to $4,495",WORLD_BANK_COUNTRY_LENDING_GROUPS,World Bank Country and Lending Groups,https://datahelpdesk.worldbank.org/knowledgebase/articles/906519-world-bank-country-and-lending-groups,2026-06-29,official_source_mapped,
VU,VUT,バヌアツ,Vanuatu,LMC,下位中所得国,Lower middle income,中低收入經濟體,中低收入经济体,FY2026,2024,"GNI per capita, Atlas method","GNI per capita $1,136 to $4,495",WORLD_BANK_COUNTRY_LENDING_GROUPS,World Bank Country and Lending Groups,https://datahelpdesk.worldbank.org/knowledgebase/articles/906519-world-bank-country-and-lending-groups,2026-06-29,official_source_mapped,
WS,WSM,サモア,Samoa,UMC,上位中所得国,Upper middle income,中高收入經濟體,中高收入经济体,FY2026,2024,"GNI per capita, Atlas method","GNI per capita $4,496 to $13,935",WORLD_BANK_COUNTRY_LENDING_GROUPS,World Bank Country and Lending Groups,https://datahelpdesk.worldbank.org/knowledgebase/articles/906519-world-bank-country-and-lending-groups,2026-06-29,official_source_mapped,
YE,YEM,イエメン,Yemen,LIC,低所得国,Low income,低收入經濟體,低收入经济体,FY2026,2024,"GNI per capita, Atlas method","GNI per capita $1,135 or less",WORLD_BANK_COUNTRY_LENDING_GROUPS,World Bank Country and Lending Groups,https://datahelpdesk.worldbank.org/knowledgebase/articles/906519-world-bank-country-and-lending-groups,2026-06-29,official_source_mapped,
ZA,ZAF,南アフリカ,South Africa,UMC,上位中所得国,Upper middle income,中高收入經濟體,中高收入经济体,FY2026,2024,"GNI per capita, Atlas method","GNI per capita $4,496 to $13,935",WORLD_BANK_COUNTRY_LENDING_GROUPS,World Bank Country and Lending Groups,https://datahelpdesk.worldbank.org/knowledgebase/articles/906519-world-bank-country-and-lending-groups,2026-06-29,official_source_mapped,
ZM,ZMB,ザンビア,Zambia,LMC,下位中所得国,Lower middle income,中低收入經濟體,中低收入经济体,FY2026,2024,"GNI per capita, Atlas method","GNI per capita $1,136 to $4,495",WORLD_BANK_COUNTRY_LENDING_GROUPS,World Bank Country and Lending Groups,https://datahelpdesk.worldbank.org/knowledgebase/articles/906519-world-bank-country-and-lending-groups,2026-06-29,official_source_mapped,
ZW,ZWE,ジンバブエ,Zimbabwe,LMC,下位中所得国,Lower middle income,中低收入經濟體,中低收入经济体,FY2026,2024,"GNI per capita, Atlas method","GNI per capita $1,136 to $4,495",WORLD_BANK_COUNTRY_LENDING_GROUPS,World Bank Country and Lending Groups,https://datahelpdesk.worldbank.org/knowledgebase/articles/906519-world-bank-country-and-lending-groups,2026-06-29,official_source_mapped,
